name,country,alpha_two_code,web_pages
National Institute of Applied Sciences of Toulouse,France,FR,https://insa-toulouse.fr
IÉSEG School of Management,France,FR,https://ieseg.fr
Académie de Paris,France,FR,https://www.ac-paris.fr/
Académie d'Aix-Marseille,France,FR,https://www.ac-aix-marseille.fr/
Académie de Créteil,France,FR,https://www.ac-creteil.fr/
42 FR,France,FR,http://www.42.fr/
Ecole de l'Air,France,FR,http://www.aea.asso.fr/
AgroParisTech,France,FR,http://www.agroparistech.fr/
Ecole Nationale Supérieure d'Agronomie de Rennes,France,FR,http://agro.roazhon.inra.fr/
AgroSup Dijon,France,FR,http://www.agrosupdijon.fr/
American Graduate School in Paris,France,FR,http://www.ags.edu/
American University of Paris,France,FR,http://www.aup.fr/
"British Institute in Paris, University of London",France,FR,http://www.bip.lon.ac.uk/
Ecole Supérieure de Commerce de Sophia Antipolis,France,FR,http://www.ceram.edu/
Centre d'Etudes Supérieures Industrielles Paris,France,FR,http://www.cesi.fr/
Centre de Formation et de Perfectionnement des Journalistes,France,FR,http://www.cfpj.com/
Conservatoire National des Arts et Métiers,France,FR,http://www.cnam.fr/
Centre National d'Etudes Agronomiques des Régions Chaudes,France,FR,http://www.cnearc.fr/
Ecole Supérieure de Chimie Physique Electronique de Lyon,France,FR,http://www.cpe.fr/
Université Bordeaux I,France,FR,http://www.cribx1.u-bordeaux.fr/
Institut des Sciences de l'Ingénieur de Clermont-Ferrand,France,FR,http://cust.univ-bpclermont.fr/
Université Paris-Dauphine (Paris IX),France,FR,http://www.dauphine.fr/
Ecole Superieur d'Ingenieurs Leonard de Vinci,France,FR,http://www.devinci.fr/
Ecole d'Ingénieurs en Informatique pour l'Industrie,France,FR,http://www.e3i.univ-tours.fr/
Ecole Européen des Affaires,France,FR,http://www.eap.fr/
European Business School,France,FR,http://www.ebs-paris.com/
Ecole Catholique d'Arts & Metiers,France,FR,http://www.ecam.fr/
Ecole Centrale d'Electronique - ECE,France,FR,http://www.ece.fr/
IMT Atlantique,France,FR,https://www.imt-atlantique.fr/
Ecole Centrale de Lille,France,FR,http://www.ec-lille.fr/
Ecole Centrale de Lyon,France,FR,http://www.ec-lyon.fr/
Ecole Centrale de Nantes,France,FR,http://www.ec-nantes.fr/
Ecole Centrale de Marseille,France,FR,https://www.centrale-marseille.fr/
IDRAC (Institut de recherche en action commerciale),France,FR,http://www.ecoles-idrac.com/
Ecole des Hautes Etudes Commerciales du Nord,France,FR,http://edu.edhec.com/
Ecole pour les Etudes et la Recherche en Informatique et Electronique,France,FR,http://www.eerie.fr/
Ecole Française de Papeterie et des Industries Graphiques,France,FR,http://www.efpg.inpg.fr/
Ecole Française d'Electronique et d'Informatique,France,FR,http://www.efrei.fr/
Ecole des Ingénieurs de la Ville de Paris,France,FR,http://www.eivp-paris.fr/
European Management Center Paris,France,FR,http://www.emc-campus.com/
Ecole Supérieure de Commerce de Lyon,France,FR,http://www.em-lyon.com/
Ecole Nationale Supérieure des Mines de St-Etienne,France,FR,http://www.emse.fr/
Ecole Nationale de l'Aviation Civile,France,FR,http://www.enac.fr/
Ecole Nationale d'Administration,France,FR,http://www.ena.fr/
ENIC Telecom Lille 1,France,FR,http://www.enic.fr/
Ecole Nationale d'Ingénieurs de Metz,France,FR,http://www.enim.fr/
Ecole Nationale d'Ingénieurs de Saint-Etienne,France,FR,http://www.enise.fr/
Ecole Nationale d'Ingénieurs des Travaux Agricoles de Bordeaux,France,FR,http://www.enitab.fr/
Ecole Nationale d'Ingénieurs des Travaux Agricoles de Clermont-Ferrand,France,FR,http://www.enitac.fr/
Ecole Nationale d'Ingénieurs de Tarbes,France,FR,http://www.enit.fr/
Ecole Nationale d'Ingénieurs des Techniques des Industries Agricoles et Alimentaires,France,FR,http://www.enitiaa-nantes.fr/
Ecole Nationale de la Météorologie,France,FR,http://www.enm.meteo.fr/
Ecole Nationale des Ponts et Chausees,France,FR,http://www.enpc.fr/
Ecole Nationale Supérieur de Mécaniques et des Microtechniques,France,FR,http://www.ens2m.fr/
Ecole Nationale de la Statistique et de l'Administration Economique,France,FR,http://www.ensae.fr/
Ecole Nationale Supérieure d'Agronomie et des Industries Alimentaires,France,FR,http://www.ensaia.u-nancy.fr/
Ecole Nationale de la Statistique et de l'Analyse de l'information,France,FR,http://www.ensai.fr/
Ecole Nationale Supérieure des Arts et Industries Textiles,France,FR,http://www.ensait.fr/
Ecole Nationale Supérieure d'Agronomie de Montpellier,France,FR,http://www.ensam.inra.fr/
Ecole Nationale Supérieure Agronomique de Toulouse,France,FR,http://www.ensat.fr/
Ecole Normale Supérieure de Cachan,France,FR,http://www.ens-cachan.fr/
Ecole Nationale Supérieure de Chimie de Clermont-Ferrand,France,FR,http://ensccf.univ-bpclermont.fr/
Ecole Nationale Supérieure de Chimie de Lille,France,FR,http://www.ensc-lille.fr/
Ecole Nationale Supérieure de Chimie de Montpellier,France,FR,http://www.enscm.fr/
Ecole Nationale Supérieure de Chimie de Mulhouse,France,FR,http://www.enscmu.univ-mulhouse.fr/
Ecole Nationale Supérieure de Chimie et de Physique de Bordeaux,France,FR,http://www.enscpb.u-bordeaux.fr/
Ecole Nationale Supérieure de Chimie de Paris,France,FR,http://www.enscp.jussieu.fr/
Ecole Nationale Supérieure de Chimie de Rennes,France,FR,http://www.ensc-rennes.fr/
Ecole Nationale Supérieure de l'Electronique et de ses Applications,France,FR,http://www.ensea.fr/
"Ecole Nationale Supérieure en Electrotechnique, Electronique, Informatique et Hydraulique de Toulouse",France,FR,http://www.enseeiht.fr/
Ecole Nationale Supérieure Electricité et Mécanique,France,FR,http://www.ensem.u-nancy.fr/
Ecole Nationale Supérieure d'Electronique et de Radioelectricite de Bordeaux,France,FR,http://www.enserb.u-bordeaux.fr/
Ecole Normale Supérieure de Fontenay-Saint Cloud,France,FR,http://www.ens-fcl.fr/
Ecole Normale Supérieure de Paris,France,FR,http://www.ens.fr/
Ecole Nationale des Sciences Géographiques,France,FR,http://www.ensg.ign.fr/
Ecole Nationale Supérieur de Géologie de Nancy,France,FR,http://www.ensg.u-nancy.fr/
Ecole Nationale Supérieur d'Ingénieurs de Constructions Aéronautique,France,FR,http://www.ensica.fr/
Ecole Nationale Supérieure des Industries Chimiques de Nancy,France,FR,http://www.ensic.u-nancy.fr/
Ecole Nationale Supérieur des Ingénieur des Etudes et Techniques d'Armement,France,FR,http://www.ensieta.fr/
Ecole Nationale Supérieure des Industries Textiles de Mulhouse,France,FR,http://www.ensitm.fr/
Ecole Normale Supérieure de Lyon,France,FR,http://www.ens-lyon.fr/
Ecole Nationale Supérieur de Mécanique et d'Aéronautique,France,FR,http://www.ensma.fr/
Ecole Nationale Supérieure des Mines d'Alès,France,FR,https://www.mines-ales.fr/
Ecole Nationale Supérieure des Mines de Douai,France,FR,http://www.ensm-douai.fr/
Ecole Nationale Supérieure des Mines de Paris,France,FR,http://www.ensmp.fr/
Ecole Nationale Supérieure de Physique de Marseille,France,FR,http://www.enspm.u-3mrs.fr/
Ecole Nationale Supérieure de Techniques Avancées,France,FR,http://www.ensta.fr/
Ecole Nationale Supérieure des Telecommunications de Bretagne,France,FR,http://www.enst-bretagne.fr/
Ecole Nationale Supérieure des Telecommunications de Paris,France,FR,http://www.enst.fr/
Ecole Nationale des Travaux Publics de l'Etat,France,FR,http://www.entpe.fr/
Ecole Nationale Vétérinaire de Toulouse,France,FR,http://www.envt.fr/
EPF Ecole d'Ingénieurs,France,FR,http://www.epf.fr/
Ecole Supérieure d'Agriculture de Purpan,France,FR,http://www.esa-purpan.fr/
Ecole Supérieure de Commerce de Bordeaux,France,FR,http://www.esc-bordeaux.fr/
Ecole Supérieure de Commerce de Brest,France,FR,http://www.esc-brest.fr/
Ecole Supérieure de Commerce de Clermont-Ferrand,France,FR,http://www.esc-clermont.fr/
Ecole Supérieure de Commerce de Dijon,France,FR,http://www.escdijon.com/
Ecole Supérieure de Commerce et Management,France,FR,http://www.escem.fr/
Ecole Supérieure de Commerce de Lille,France,FR,http://www.esc-lille.fr/
Ecole Supérieure de Commerce de Marseille-Provence,France,FR,http://www.esc-marseille.fr/
Ecole Supérieure de Commerce de Nantes-Atlantique,France,FR,http://www.escna.fr/
Ecole Supérieure de Commerce de Le Havre/Caen,France,FR,http://www.esc-normandie.fr/
Ecole Supérieure de Chimie Organique et Minérale,France,FR,http://www.escom.fr/
Ecole Supérieure de Commerce de Pau,France,FR,http://www.esc-pau.fr/
Ecole Supérieure de Commerce de Paris,France,FR,http://www.escp.fr/
Ecole Supérieure de Commerce de Reims,France,FR,http://www.esc-reims.edu/
Ecole Supérieure de Commerce de Rouen,France,FR,http://www.esc-rouen.fr/
Ecole Supérieure de Commerce de Toulouse,France,FR,http://www.esc-toulouse.fr/
Ecole Supérieure d'Electronique de l'Ouest,France,FR,http://www.eseo.fr/
Ecole Supérieure Internationale d'Administration des Entreprises,France,FR,http://www.esiae.fr/
Ecole Supérieure d'Informatique-Electronique-Automatique,France,FR,http://www.esiea.fr/
Ecole Supérieure d'Ingénieurs en Electronique et Electrotechnique,France,FR,http://www.esiee.fr/
Ecole Supérieure d'Ingénieurs en Génie Electrique,France,FR,http://www.esigelec.fr/
Ecole Supérieure d'Ingénieurs de Marseille,France,FR,http://esim.imt-mrs.fr/
Ecole Supérieure d'Ingénieurs et de Techniciens pour l'Agriculture,France,FR,http://www.esitpa.org/
Ecole Spéciale de Mécanique et d'Electricité,France,FR,http://www.esme.fr/
Ecole Supérieure de Physique et de Chimie Industrielles,France,FR,http://www.espci.fr/
Ecole Supérieure des Sciences Commerciales d'Angers,France,FR,http://www.essca.asso.fr/
Ecole Supérieure des Sciences Economiques et Commerciales,France,FR,http://www.essec.fr/
Ecole Supérieure des Sciences et Technologie de l'Ingénieur de Nancy,France,FR,http://www.esstin.u-nancy.fr/
Ecole Spéciale des Travaux Publics du Bâtiment et de l'Industrie,France,FR,http://www.estp.fr/
Ecole Universitaire d'Ingénieurs de Lille,France,FR,http://www.eudil.fr/
Université Catholique de Lille,France,FR,http://www.fupl.asso.fr/
Grenoble Ecole de Management,France,FR,http://www.grenoble-em.com/
Ecole Supérieure d'Agriculture d'Angers,France,FR,http://www.groupe-esa.com/
École des Hautes Études Commerciales (HEC Business School),France,FR,http://www.hec.fr/
Ecole des Hautes Etudes Industrielles de Lille,France,FR,http://www.hei.fr/
Institut Catholique d'Arts et Métiers Lille,France,FR,http://www.icam.fr/
Institut Commercial de Nancy,France,FR,http://www.icn-nancy.com/
Institut Catholique de Paris,France,FR,http://www.icp.fr/
Institut Catholique de Toulouse,France,FR,http://www.ict-toulouse.asso.fr/
Institut d'Etudes Politiques de Bordeaux,France,FR,http://www.iep.u-bordeaux.fr/
Ecole Nationale Supérieure du Pétrole et des Monteurs,France,FR,http://www.ifp.fr/EC/EC000GP1.html
Institut National Polytechnique de Toulouse,France,FR,http://www.inp-fc.fr/
Institut National Polytechnique de Lorraine,France,FR,http://www.inpl-nancy.fr/
Institut National des Sciences Appliquées de Lyon,France,FR,http://www.insa-lyon.fr/
Institut National des Sciences Appliquées de Rennes,France,FR,http://www.insa-rennes.fr/
Institut National des Sciences Appliquées de Rouen,France,FR,http://www.insa-rouen.fr/
Institut National des Sciences Appliquées de Toulouse,France,FR,http://www.insa-tlse.fr/
Institut des hautes études économiques et commerciales,France,FR,http://www.inseec.fr/
Institut National des Télécommunications,France,FR,http://www.int-evry.fr/
Ecole Supérieure d'Optique,France,FR,http://www.iota.u-psud.fr/~ecole/
Institut de Recherche et Coordination Acoustique/Musique,France,FR,http://www.ircam.fr/
Institut de Recherche et d'Enseignement Supérieur aux Techniques de l'électronique,France,FR,http://www.ireste.fr/
Institut Supérieur Agricole de Beauvais,France,FR,http://www.isab.fr/
Institut Supérieur d'Agriculture Lille,France,FR,http://www.isa.fupl.asso.fr/
Institut Supérieur d'Agriculture Rhone-Alpes,France,FR,http://www.isara.fr/
Institut Supérieure d'Electronique du Nord,France,FR,http://www.isen.fr/
Institut Supérieure d'Electronique de Paris,France,FR,http://www.isep.fr/
Institut des Sciences de l'Ingénieur de Montpellier,France,FR,http://www.isim.univ-montp2.fr/
Centre d'Etudes Supérieures des Techniques Industrielles,France,FR,http://www.ismcm-cesti.fr/
Institut des Sciences de la Matière et du Rayonnement,France,FR,http://www.ismra.fr/
Institut Textile et Chimique de Lyon,France,FR,http://www.itech.fr/
Sorbonne Université - Faculté des Sciences (Paris VI),France,FR,https://sciences.sorbonne-universite.fr/
Ecole Nationale Supérieure des Mines de Nancy,France,FR,http://www.mines.u-nancy.fr/
Université Michel de Montaigne (Bordeaux III ),France,FR,http://www.montaigne.u-bordeaux.fr/
Université Montesquieu (Bordeaux IV),France,FR,http://www.montesquieu.u-bordeaux.fr/
Ecole d'Architecture de Nancy,France,FR,http://www.nancy.archi.fr/
Université Paris-Sorbonne (Paris IV),France,FR,http://www.paris4.sorbonne.fr/
Ecole Nationale Supérieure d'Arts et Métiers de Paris,France,FR,http://www.paris.ensam.fr/
Ecole Polytechnique Universitaire de Lille,France,FR,http://www.polytech-lille.fr/
Ecole Polytechnique Marseille,France,FR,http://www.polytech-marseille.fr/
École Polytechnique,France,FR,http://www.polytechnique.fr/
"Schiller International University, Paris",France,FR,http://www.schillerparis.com/
"Schiller International University, Strasbourg",France,FR,http://www.schillerstrasbourg.com/
Institut d'Etudes Politiques de Paris (Sciences Po),France,FR,http://www.sciences-po.fr/
Université Denis Diderot (Paris VII),France,FR,http://www.sigu7.jussieu.fr/
Ecole Superieure Robert de Sorbon,France,FR,http://www.sorbon.fr/
Ecole Nationale Supérieure de l'Aéronautique et de l'Espace,France,FR,http://www.supaero.fr/
Groupe Sup de Co Amiens Picardie,France,FR,http://www.supco-amiens.fr/
Groupe Sup de Co Montpellier,France,FR,http://www.supco-montpellier.fr/
Ecole Supérieure d'Electricité,France,FR,http://www.supelec.fr/
Université d'Aix-Marseille III,France,FR,http://www.u-3mrs.fr/
Université Victor Segalen (Bordeaux II),France,FR,http://www.u-bordeaux2.fr/
Université Bourgogne - Franche-Comté,France,FR,http://www.ubfc.fr/
Université de Cergy-Pontoise,France,FR,http://www.u-cergy.fr/
Université d'Auvergne (Clermont-Ferrand I),France,FR,http://www.u-clermont1.fr/
Université Catholique de l' Ouest,France,FR,http://www.uco.fr/
Université Grenoble Alpes,France,FR,https://www.univ-grenoble-alpes.fr/
Université Rennes II - Haute-Bretagne,France,FR,http://www.uhb.fr/
Université Henri Poincaré (Nancy I),France,FR,http://www.uhp-nancy.fr/
Université de Caen Basse Normandie,France,FR,http://www.unicaen.fr/
Université de Nice-Sophia Antipolis,France,FR,http://www.unice.fr/
Université de Limoges,France,FR,http://www.unilim.fr/
Université d'Angers,France,FR,http://www.univ-angers.fr/
Université d'Artois,France,FR,http://www.univ-artois.fr/
Université d'Avignon,France,FR,http://www.univ-avignon.fr/
Université Blaise Pascal (Clermont-Ferrand II),France,FR,http://www.univ-bpclermont.fr/
Université de Bretagne Occidentale,France,FR,http://www.univ-brest.fr/
Université Catholique de Lyon,France,FR,http://www.univ-catholyon.fr/
Université de Corse Pascal Paoli,France,FR,http://www.univ-corse.fr/
Université d'Evry Val d'Essonne,France,FR,http://www.univ-evry.fr/
Ecole Nationale Supérieure de Chimie de Toulouse,France,FR,http://www.univ-inpt.fr/~ensct/
Université du Havre,France,FR,http://www.univ-lehavre.fr/
Université du Maine,France,FR,http://www.univ-lemans.fr/
Université des Sciences et Technologies de Lille (Lille I),France,FR,http://www.univ-lille1.fr/
Université du Droit et de la Sante (Lille II),France,FR,http://www.univ-lille2.fr/
Université Charles-de-Gaulle (Lille III),France,FR,http://www.univ-lille3.fr/
Université du Littoral Cote d'Opale,France,FR,http://www.univ-littoral.fr/
Université de Lorraine,France,FR,http://www.univ-lorraine.fr/
Université de La Rochelle,France,FR,http://www.univ-lr.fr/
Université Claude Bernard (Lyon I),France,FR,http://www.univ-lyon1.fr/
Université Lumiére (Lyon II),France,FR,http://www.univ-lyon2.fr/
Université Jean Moulin (Lyon III),France,FR,http://www.univ-lyon3.fr/
Université de la Méditerranée (Aix Marseille II),France,FR,http://www.univmed.fr/
Université de Metz,France,FR,http://www.univ-metz.fr/
Université Paris-Est Marne-la-Vallée,France,FR,http://www.univ-mlv.fr/
Université de Montpellier I,France,FR,http://www.univ-montp1.fr/
Université de Montpellier II,France,FR,http://www.univ-montp2.fr/
Université Paul Valéry (Montpellier III),France,FR,http://www.univ-montp3.fr/
Université de Haute-Alsace,France,FR,http://www.univ-mulhouse.fr/
Université Nancy II,France,FR,http://www.univ-nancy2.fr/
Université de Nantes,France,FR,http://www.univ-nantes.fr/
Université d'Orléans,France,FR,http://www.univ-orleans.fr/
Université Val-de-Marne (Paris XII),France,FR,http://www.univ-paris12.fr/
Université Paris Nord (Paris XIII),France,FR,http://www.univ-paris13.fr/
Université Panthéon-Sorbonne (Paris I),France,FR,http://www.univ-paris1.fr/
Université Sorbonne-Nouvelle (Paris III),France,FR,http://www.univ-paris3.fr/
Université René Descartes (Paris V),France,FR,http://www.univ-paris5.fr/
Université Vincennes Saint-Denis (Paris VIII),France,FR,http://www.univ-paris8.fr/
Université de Pau et des Pays de l'Adour,France,FR,http://www.univ-pau.fr/
Université de Perpignan,France,FR,http://www.univ-perp.fr/
Université de Poitiers,France,FR,http://www.univ-poitiers.fr/
Université de Reims Champagne-Ardenne,France,FR,http://www.univ-reims.fr/
Université Rennes I,France,FR,http://www.univ-rennes1.fr/
Université de Rouen - Haute Normandie,France,FR,http://www.univ-rouen.fr/
Université de Savoie,France,FR,http://www.univ-savoie.fr/
Université Jean Monnet,France,FR,http://www.univ-st-etienne.fr/
"Université du Sud, Toulon et Var",France,FR,http://www.univ-tln.fr/
Université des Sciences Sociales (Toulouse I),France,FR,http://www.univ-tlse1.fr/
Université de Toulouse-le-Mirail (Toulouse II),France,FR,http://www.univ-tlse2.fr/
Université de Toulouse,France,FR,http://www.univ-toulouse.fr/
Université François Rabelais de Tours,France,FR,http://www.univ-tours.fr/
Université de Bretagne Sud,France,FR,http://www.univ-ubs.fr/
Université de Valenciennes et du Hainaut-Cambrésis,France,FR,http://www.univ-valenciennes.fr/
Université Paris Nanterre (Paris X),France,FR,http://www.u-paris10.fr/
Université Panthéon-Assas (Paris II),France,FR,http://www.u-paris2.fr/
Université de Picardie Jules-Verne,France,FR,http://www.u-picardie.fr/
Université Paul Sabatier (Toulouse III),France,FR,http://www.ups-tlse.fr/
Université Paris Sud (Paris XI),France,FR,http://www.u-psud.fr/
Université d'Aix-Marseille,France,FR,http://www.univ-amu.fr/
Université de Provence (Aix-Marseille I),France,FR,http://www.up.univ-mrs.fr/
Université des Sciences Humaines (Strasbourg II),France,FR,http://ushs.u-strasbg.fr/
Université de Technologie de Belfort Montbéliard,France,FR,http://www.utbm.fr/
Université de Technologie de Compiègne,France,FR,http://www.utc.fr/
Université de Technologie de Troyes,France,FR,http://www.utt.fr/
Université de Versailles Saint-Quentin-en-Yvelines,France,FR,http://www.uvsq.fr/
Ecole Nationale Vétérinaire d'Alfort,France,FR,http://www.vet-alfort.fr/
Ecole Nationale Vétérinaire de Lyon,France,FR,http://www.vet-lyon.fr/
Ecole Nationale Vétérinaire de Nantes,France,FR,http://www.vet-nantes.fr/
"Ecole Européenne de Chimie, Polymères et Matériaux de Strasbourg",France,FR,http://www-ecpm.u-strasbg.fr/
Ecole Nationale du Génie de l'Eau et de l'Environnement de Strasbourg,France,FR,http://www-engees.u-strasbg.fr/
Ecole Nationale Supérieure des Arts et Industries de Strasbourg,France,FR,http://www-ensais.u-strasbg.fr/
Institut polytechnique de Grenoble,France,FR,https://grenoble-inp.fr/
Ecole Nationale Supérieure de Physique de Strasbourg,France,FR,http://www-ensps.u-strasbg.fr/
Université Louis Pasteur (Strasbourg I),France,FR,http://www-ulp.u-strasbg.fr/
Université Robert Schuman (Strasbourg III),France,FR,http://www-urs.u-strasbg.fr/
Université de Strasbourg,France,FR,https://www.unistra.fr/
Ecole pour l'Informatique et les nouvelles Technologies,France,FR,http://www.epitech.eu/
Ecole Pour l'Informatique et les Techniques Avancees,France,FR,http://www.epita.fr/
Institut polytechnique des sciences avancees,France,FR,http://www.ipsa.fr/
Ecole des technologies numeriques appliquees,France,FR,http://www.etna.io/
Institut Sup'Biotech de Paris,France,FR,http://www.supbiotech.fr/
DUT MMI - Université Bordeaux Montaigne,France,FR,https://www.mmibordeaux.com/
Campus Saint Marc,France,FR,https://campus-saint-marc.com/
Institut d'études politiques de Rennes,France,FR,https://www.sciencespo-rennes.fr/en/
Rennes School of Business,France,FR,https://www.rennes-sb.com/
Audencia,France,FR,https://www.audencia.com/
Académie d'Orléans-Tours,France,FR,https://www.ac-orleans-tours.fr/
Académie de Besançon,France,FR,https://www.ac-besancon.fr
Université Clermont Auvergne,France,FR,https://www.uca.fr
SKEMA Business School,France,FR,https://www.skema.edu/
INSEAD,France,FR,https://www.insead.edu/
Académie de Mayotte,France,FR,https://www.ac-mayotte.fr
Collège de France,France,FR,https://www.college-de-france.fr
University of Burgundy,France,FR,https://u-bourgogne.fr/
Académie de Bordeaux,France,FR,https://ac-bordeaux.fr/
Institut privé d'enseignement supérieur,France,FR,https://www.insead.edu/
Université Paris-Saclay,France,FR,https://www.universite-paris-saclay.fr
INU Champollion,France,FR,https://www.univ-jfc.fr/
Institute Français de la Mode,France,FR,https://www.ifmparis.fr/
EIGSI La Rochelle,France,FR,https://www.eigsi.fr/
Université de Rennes 2,France,FR,https://www.univ-rennes2.fr/
Université de Franche Comté,France,FR,http://univ-fcomte.fr/
Université de Paris IV Sorbonne,France,FR,http://www.paris-sorbonne.fr/
Université Diderot Paris 7,France,FR,http://www.univ-paris-diderot.fr/english/
Université Paris Ouest Paris X Nanterre,France,FR,https://www.parisnanterre.fr/
Université Paris est Créteil Val de Marne Paris XII,France,FR,http://www.u-pec.fr/
Université de Nimes,France,FR,http://www.unimes.fr/
Université Champollion,France,FR,http://www.univ-jfc.fr/
Université Pierre Mendès France,France,FR,http://www.upmf-grenoble.fr/
